cpt_code,cpt_description
20200,"Biopsy, muscle; superficial"
20205,"Biopsy, muscle; deep"
20206,"Biopsy, muscle, percutaneous needle"
20220,"Biopsy, bone, trocar, or needle; superficial (eg, ilium, sternum, spinous process, ribs)"
20225,"Biopsy, bone, trocar, or needle; deep (eg, vertebral body, femur)"
20245,"Biopsy, bone, open; deep (eg, humeral shaft, ischium, femoral shaft)"
20250,"Biopsy, vertebral body, open; thoracic"
20251,"Biopsy, vertebral body, open; lumbar or cervical"
20660,"Application of cranial tongs, caliper, or stereotactic frame, including removal (separate procedure)"
20661,"Application of halo, including removal; cranial"
20663,"Application of halo, including removal; femoral"
20664,"Application of halo, including removal, cranial, 6 or more pins placed, for thin skull osteology (eg, pediatric patients, hydrocephalus, osteogenesis imperfecta)"
20665,Removal of tongs or halo applied by another individual
20930,"Allograft, morselized, or placement of osteopromotive material, for spine surgery only (List separately in addition to code for primary procedure)"
20931,"Allograft, structural, for spine surgery only (List separately in addition to code for primary procedure)"
20936,"Autograft for spine surgery only (includes harvesting the graft); local (eg, ribs, spinous process, or laminar fragments) obtained from same incision (List separately in addition to code for primary procedure)"
20937,Autograft for spine surgery only (includes harvesting the graft); morselized (through separate skin or fascial incision) (List separately in addition to code for primary procedure)
20938,"Autograft for spine surgery only (includes harvesting the graft); structural, bicortical or tricortical (through separate skin or fascial incision) (List separately in addition to code for primary procedure)"
20939,"Bone marrow aspiration for bone grafting, spine surgery only, through separate skin or fascial incision (List separately in addition to code for primary procedure)"
20955,Bone graft with microvascular anastomosis; fibula
20956,Bone graft with microvascular anastomosis; iliac crest
20957,Bone graft with microvascular anastomosis; metatarsal
20962,"Bone graft with microvascular anastomosis; other than fibula, iliac crest, or metatarsal"
20969,"Free osteocutaneous flap with microvascular anastomosis; other than iliac crest, metatarsal, or great toe"
20970,Free osteocutaneous flap with microvascular anastomosis; iliac crest
20973,Free osteocutaneous flap with microvascular anastomosis; great toe with web space
21100,"Application of halo type appliance for maxillofacial fixation, includes removal (separate procedure)"
21899,"Unlisted procedure, neck or thorax"
21920,"Biopsy, soft tissue of back or flank; superficial"
21925,"Biopsy, soft tissue of back or flank; deep"
21930,"Excision, tumor, soft tissue of back or flank, subcutaneous; less than 3 cm"
21931,"Excision, tumor, soft tissue of back or flank, subcutaneous; 3 cm or greater"
21932,"Excision, tumor, soft tissue of back or flank, subfascial (eg, intramuscular); less than 5 cm"
21933,"Excision, tumor, soft tissue of back or flank, subfascial (eg, intramuscular); 5 cm or greater"
21935,"Radical resection of tumor (eg, sarcoma), soft tissue of back or flank; less than 5 cm"
21936,"Radical resection of tumor (eg, sarcoma), soft tissue of back or flank; 5 cm or greater"
22010,"Incision and drainage, open, of deep abscess (subfascial), posterior spine; cervical, thoracic, or cervicothoracic"
22015,"Incision and drainage, open, of deep abscess (subfascial), posterior spine; lumbar, sacral, or lumbosacral"
22100,"Partial excision of posterior vertebral component (eg, spinous process, lamina or facet) for intrinsic bony lesion, single vertebral segment; cervical"
22101,"Partial excision of posterior vertebral component (eg, spinous process, lamina or facet) for intrinsic bony lesion, single vertebral segment; thoracic"
22102,"Partial excision of posterior vertebral component (eg, spinous process, lamina or facet) for intrinsic bony lesion, single vertebral segment; lumbar"
22103,"Partial excision of posterior vertebral component (eg, spinous process, lamina or facet) for intrinsic bony lesion, single vertebral segment; each additional segment (List separately in addition to code for primary procedure)"
22110,"Partial excision of vertebral body, for intrinsic bony lesion, without decompression of spinal cord or nerve root(s), single vertebral segment; cervical"
22112,"Partial excision of vertebral body, for intrinsic bony lesion, without decompression of spinal cord or nerve root(s), single vertebral segment; thoracic"
22114,"Partial excision of vertebral body, for intrinsic bony lesion, without decompression of spinal cord or nerve root(s), single vertebral segment; lumbar"
22116,"Partial excision of vertebral body, for intrinsic bony lesion, without decompression of spinal cord or nerve root(s), single vertebral segment; each additional vertebral segment (List separately in addition to code for primary procedure)"
22150,[EXPIRED]-Reconstruction of spine with prefabricated prosthetic replacement following rese
22206,"Osteotomy of spine, posterior or posterolateral approach, 3 columns, 1 vertebral segment (eg, pedicle/vertebral body subtraction); thoracic"
22207,"Osteotomy of spine, posterior or posterolateral approach, 3 columns, 1 vertebral segment (eg, pedicle/vertebral body subtraction); lumbar"
22208,"Osteotomy of spine, posterior or posterolateral approach, 3 columns, 1 vertebral segment (eg, pedicle/vertebral body subtraction); each additional vertebral segment (List separately in addition to code for primary procedure)"
22210,"Osteotomy of spine, posterior or posterolateral approach, 1 vertebral segment; cervical"
22212,"Osteotomy of spine, posterior or posterolateral approach, 1 vertebral segment; thoracic"
22214,"Osteotomy of spine, posterior or posterolateral approach, 1 vertebral segment; lumbar"
22216,"Osteotomy of spine, posterior or posterolateral approach, 1 vertebral segment; each additional vertebral segment (List separately in addition to primary procedure)"
22220,"Osteotomy of spine, including discectomy, anterior approach, single vertebral segment; cervical"
22222,"Osteotomy of spine, including discectomy, anterior approach, single vertebral segment; thoracic"
22224,"Osteotomy of spine, including discectomy, anterior approach, single vertebral segment; lumbar"
22226,"Osteotomy of spine, including discectomy, anterior approach, single vertebral segment; each additional vertebral segment (List separately in addition to code for primary procedure)"
22305,Closed treatment of vertebral process fracture(s)
22310,"Closed treatment of vertebral body fracture(s), without manipulation, requiring and including casting or bracing"
22315,"Closed treatment of vertebral fracture(s) and/or dislocation(s) requiring casting or bracing, with and including casting and/or bracing by manipulation or traction"
22318,"Open treatment and/or reduction of odontoid fracture(s) and or dislocation(s) (including os odontoideum), anterior approach, including placement of internal fixation; without grafting"
22325,"Open treatment and/or reduction of vertebral fracture(s) and/or dislocation(s), posterior approach, 1 fractured vertebra or dislocated segment; lumbar"
22326,"Open treatment and/or reduction of vertebral fracture(s) and/or dislocation(s), posterior approach, 1 fractured vertebra or dislocated segment; cervical"
22327,"Open treatment and/or reduction of vertebral fracture(s) and/or dislocation(s), posterior approach, 1 fractured vertebra or dislocated segment; thoracic"
22328,"Open treatment and/or reduction of vertebral fracture(s) and/or dislocation(s), posterior approach, 1 fractured vertebra or dislocated segment; each additional fractured vertebra or dislocated segment (List separately in addition to code for primary proce"
22505,"Manipulation of spine requiring anesthesia, any region"
22510,"Percutaneous vertebroplasty (bone biopsy included when performed), 1 vertebral body, unilateral or bilateral injection, inclusive of all imaging guidance; cervicothoracic"
22511,"Percutaneous vertebroplasty (bone biopsy included when performed), 1 vertebral body, unilateral or bilateral injection, inclusive of all imaging guidance; lumbosacral"
22512,"Percutaneous vertebroplasty (bone biopsy included when performed), 1 vertebral body, unilateral or bilateral injection, inclusive of all imaging guidance; each additional cervicothoracic or lumbosacral vertebral body (List separately in addition to code f"
22513,"Percutaneous vertebral augmentation, including cavity creation (fracture reduction and bone biopsy included when performed) using mechanical device (eg, kyphoplasty), 1 vertebral body, unilateral or bilateral cannulation, inclusive of all imaging guidance"
22514,"Percutaneous vertebral augmentation, including cavity creation (fracture reduction and bone biopsy included when performed) using mechanical device (eg, kyphoplasty), 1 vertebral body, unilateral or bilateral cannulation, inclusive of all imaging guidance"
22515,"Percutaneous vertebral augmentation, including cavity creation (fracture reduction and bone biopsy included when performed) using mechanical device (eg, kyphoplasty), 1 vertebral body, unilateral or bilateral cannulation, inclusive of all imaging guidance"
22520,"Percutaneous vertebroplasty (bone biopsy included when performed), 1 vertebral body, unilateral or bilateral injection; thoracic"
22521,"Percutaneous vertebroplasty (bone biopsy included when performed), 1 vertebral body, unilateral or bilateral injection; lumbar"
22522,"Percutaneous vertebroplasty (bone biopsy included when performed), 1 vertebral body, unilateral or bilateral injection; each additional thoracic or lumbar vertebral body (List separately in addition to code for primary procedure)"
22523,"Percutaneous vertebral augmentation, including cavity creation (fracture reduction and bone biopsy included when performed) using mechanical device, 1 vertebral body, unilateral or bilateral cannulation (eg, kyphoplasty); thoracic"
22524,"Percutaneous vertebral augmentation, including cavity creation (fracture reduction and bone biopsy included when performed) using mechanical device, 1 vertebral body, unilateral or bilateral cannulation (eg, kyphoplasty); lumbar"
22525,"Percutaneous vertebral augmentation, including cavity creation (fracture reduction and bone biopsy included when performed) using mechanical device, 1 vertebral body, unilateral or bilateral cannulation (eg, kyphoplasty); each additional thoracic or lumba"
22526,"Percutaneous intradiscal electrothermal annuloplasty, unilateral or bilateral including fluoroscopic guidance; single level"
22532,"Arthrodesis, lateral extracavitary technique, including minimal discectomy to prepare interspace (other than for decompression); thoracic"
22533,"Arthrodesis, lateral extracavitary technique, including minimal discectomy to prepare interspace (other than for decompression); lumbar"
22534,"Arthrodesis, lateral extracavitary technique, including minimal discectomy to prepare interspace (other than for decompression); thoracic or lumbar, each additional vertebral segment (List separately in addition to code for primary procedure)"
22548,"Arthrodesis, anterior transoral or extraoral technique, clivus-C1-C2 (atlas-axis), with or without excision of odontoid process"
22551,"Arthrodesis, anterior interbody, including disc space preparation, discectomy, osteophytectomy and decompression of spinal cord and/or nerve roots; cervical below C2"
22552,"Arthrodesis, anterior interbody, including disc space preparation, discectomy, osteophytectomy and decompression of spinal cord and/or nerve roots; cervical below C2, each additional interspace (List separately in addition to code for separate procedure)"
22554,"Arthrodesis, anterior interbody technique, including minimal discectomy to prepare interspace (other than for decompression); cervical below C2"
22556,"Arthrodesis, anterior interbody technique, including minimal discectomy to prepare interspace (other than for decompression); thoracic"
22558,"Arthrodesis, anterior interbody technique, including minimal discectomy to prepare interspace (other than for decompression); lumbar"
22585,"Arthrodesis, anterior interbody technique, including minimal discectomy to prepare interspace (other than for decompression); each additional interspace (List separately in addition to code for primary procedure)"
22590,"Arthrodesis, posterior technique, craniocervical (occiput-C2)"
22595,"Arthrodesis, posterior technique, atlas-axis (C1-C2)"
22600,"Arthrodesis, posterior or posterolateral technique, single level; cervical below C2 segment"
22610,"Arthrodesis, posterior or posterolateral technique, single level; thoracic (with lateral transverse technique, when performed)"
22612,"Arthrodesis, posterior or posterolateral technique, single level; lumbar (with lateral transverse technique, when performed)"
22614,"Arthrodesis, posterior or posterolateral technique, single level; each additional vertebral segment (List separately in addition to code for primary procedure)"
22630,"Arthrodesis, posterior interbody technique, including laminectomy and/or discectomy to prepare interspace (other than for decompression), single interspace; lumbar"
22632,"Arthrodesis, posterior interbody technique, including laminectomy and/or discectomy to prepare interspace (other than for decompression), single interspace; each additional interspace (List separately in addition to code for primary procedure)"
22633,"Arthrodesis, combined posterior or posterolateral technique with posterior interbody technique including laminectomy and/or discectomy sufficient to prepare interspace (other than for decompression), single interspace and segment; lumbar"
22634,"Arthrodesis, combined posterior or posterolateral technique with posterior interbody technique including laminectomy and/or discectomy sufficient to prepare interspace (other than for decompression), single interspace and segment; each additional interspa"
22800,"Arthrodesis, posterior, for spinal deformity, with or without cast; up to 6 vertebral segments"
22802,"Arthrodesis, posterior, for spinal deformity, with or without cast; 7 to 12 vertebral segments"
22804,"Arthrodesis, posterior, for spinal deformity, with or without cast; 13 or more vertebral segments"
22808,"Arthrodesis, anterior, for spinal deformity, with or without cast; 2 to 3 vertebral segments"
22810,"Arthrodesis, anterior, for spinal deformity, with or without cast; 4 to 7 vertebral segments"
22812,"Arthrodesis, anterior, for spinal deformity, with or without cast; 8 or more vertebral segments"
22818,"Kyphectomy, circumferential exposure of spine and resection of vertebral segment(s) (including body and posterior elements); single or 2 segments"
22819,"Kyphectomy, circumferential exposure of spine and resection of vertebral segment(s) (including body and posterior elements); 3 or more segments"
22820,"[EXPIRED]-Harvesting of bone autograft through separate incision (eg, ilium, fibula for spinal arthrodesis)"
22830,Exploration of spinal fusion
22840,"Posterior non-segmental instrumentation (eg, Harrington rod technique, pedicle fixation across 1 interspace, atlantoaxial transarticular screw fixation, sublaminar wiring at C1, facet screw fixation) (List separately in addition to code for primary proced"
22841,Internal spinal fixation by wiring of spinous processes (List separately in addition to code for primary procedure)
22842,"Posterior segmental instrumentation (eg, pedicle fixation, dual rods with multiple hooks and sublaminar wires); 3 to 6 vertebral segments (List separately in addition to code for primary procedure)"
22843,"Posterior segmental instrumentation (eg, pedicle fixation, dual rods with multiple hooks and sublaminar wires); 7 to 12 vertebral segments (List separately in addition to code for primary procedure)"
22844,"Posterior segmental instrumentation (eg, pedicle fixation, dual rods with multiple hooks and sublaminar wires); 13 or more vertebral segments (List separately in addition to code for primary procedure)"
22845,Anterior instrumentation; 2 to 3 vertebral segments (List separately in addition to code for primary procedure)
22846,Anterior instrumentation; 4 to 7 vertebral segments (List separately in addition to code for primary procedure)
22847,Anterior instrumentation; 8 or more vertebral segments (List separately in addition to code for primary procedure)
22848,Pelvic fixation (attachment of caudal end of instrumentation to pelvic bony structures) other than sacrum (List separately in addition to code for primary procedure)
22849,Reinsertion of spinal fixation device
22850,"Removal of posterior nonsegmental instrumentation (eg, Harrington rod)"
22851,"Application of intervertebral biomechanical device(s) (eg, synthetic cage(s), methylmethacrylate) to vertebral defect or interspace (List separately in addition to code for primary procedure)"
22852,Removal of posterior segmental instrumentation
22853,"Insertion of interbody biomechanical device(s) (eg, synthetic cage, mesh) with integral anterior instrumentation for device anchoring (eg, screws, flanges), when performed, to intervertebral disc space in conjunction with interbody arthrodesis, each inter"
22854,"Insertion of intervertebral biomechanical device(s) (eg, synthetic cage, mesh) with integral anterior instrumentation for device anchoring (eg, screws, flanges), when performed, to vertebral corpectomy(ies) (vertebral body resection, partial or complete)"
22855,Removal of anterior instrumentation
22856,"Total disc arthroplasty (artificial disc), anterior approach, including discectomy with end plate preparation (includes osteophytectomy for nerve root or spinal cord decompression and microdissection); single interspace, cervical"
22857,"Total disc arthroplasty (artificial disc), anterior approach, including discectomy to prepare interspace (other than for decompression), single interspace, lumbar"
22858,"Total disc arthroplasty (artificial disc), anterior approach, including discectomy with end plate preparation (includes osteophytectomy for nerve root or spinal cord decompression and microdissection); second level, cervical (List separately in addition t"
22859,"Insertion of intervertebral biomechanical device(s) (eg, synthetic cage, mesh, methylmethacrylate) to intervertebral disc space or vertebral body defect without interbody arthrodesis, each contiguous defect (List separately in addition to code for primary"
22861,"Revision including replacement of total disc arthroplasty (artificial disc), anterior approach, single interspace; cervical"
22869,"Insertion of interlaminar/interspinous process stabilization/distraction device, without open decompression or fusion, including image guidance when performed, lumbar; single level"
22899,"Unlisted procedure, spine"
22899,Unknown
22900,"Excision, tumor, soft tissue of abdominal wall, subfascial (eg, intramuscular); less than 5 cm"
22901,"Excision, tumor, soft tissue of abdominal wall, subfascial (eg, intramuscular); 5 cm or greater"
22902,"Excision, tumor, soft tissue of abdominal wall, subcutaneous; less than 3 cm"
22903,"Excision, tumor, soft tissue of abdominal wall, subcutaneous; 3 cm or greater"
22904,"Radical resection of tumor (eg, sarcoma), soft tissue of abdominal wall; less than 5 cm"
22905,"Radical resection of tumor (eg, sarcoma), soft tissue of abdominal wall; 5 cm or greater"
22999,"Unlisted procedure, abdomen, musculoskeletal system"
29000,Application of halo type body cast (see 20661-20663 for insertion)
29010,"Application of Risser jacket, localizer, body; only"
29020,"Application of turnbuckle jacket, body; only"
29025,"Application of turnbuckle jacket, body; including head"
29035,"Application of body cast, shoulder to hips"
29040,"Application of body cast, shoulder to hips; including head, Minerva type"
29044,"Application of body cast, shoulder to hips; including 1 thigh"
29046,"Application of body cast, shoulder to hips; including both thighs"
62263,"Percutaneous lysis of epidural adhesions using solution injection (eg, hypertonic saline, enzyme) or mechanical means (eg, catheter) including radiologic localization (includes contrast when administered), multiple adhesiolysis sessions; 2 or more days"
62264,"Percutaneous lysis of epidural adhesions using solution injection (eg, hypertonic saline, enzyme) or mechanical means (eg, catheter) including radiologic localization (includes contrast when administered), multiple adhesiolysis sessions; 1 day"
62267,"Percutaneous aspiration within the nucleus pulposus, intervertebral disc, or paravertebral tissue for diagnostic purposes"
62268,"Percutaneous aspiration, spinal cord cyst or syrinx"
62269,"Biopsy of spinal cord, percutaneous needle"
62270,"Spinal puncture, lumbar, diagnostic"
62272,"Spinal puncture, therapeutic, for drainage of cerebrospinal fluid (by needle or catheter)"
62273,"Injection, epidural, of blood or clot patch"
62275,"Injection of diagnostic or therapeutic anesthetic or antispasmodic substance (including narcotics); epidural, cervical or thoracic, single."
62278,"Injection of diagnostic or therapeutic anesthetic or antispasmodic substance (including narcotics); epidural, lumbar or caudal, single."
62279,"Injection of diagnostic or therapeutic anesthetic or antispasmodic substance (including narcotics); epidural, lumbar or caudal, continuous."
62280,"Injection/infusion of neurolytic substance (eg, alcohol, phenol, iced saline solutions), with or without other therapeutic substance; subarachnoid"
62281,"Injection/infusion of neurolytic substance (eg, alcohol, phenol, iced saline solutions), with or without other therapeutic substance; epidural, cervical or thoracic"
62282,"Injection/infusion of neurolytic substance (eg, alcohol, phenol, iced saline solutions), with or without other therapeutic substance; epidural, lumbar, sacral (caudal)"
62284,"Injection procedure for myelography and/or computed tomography, lumbar"
62287,"Decompression procedure, percutaneous, of nucleus pulposus of intervertebral disc, any method utilizing needle based technique to remove disc material under fluoroscopic imaging or other form of indirect visualization, with discography and/or epidural inj"
62289,"Injection of substance other than anesthetic, antispasmodic, contrast, or neurolytic solutions; lumbar or caudal epidural (separate procedure)."
62290,"Injection procedure for discography, each level; lumbar"
62291,"Injection procedure for discography, each level; cervical or thoracic"
62292,"Injection procedure for chemonucleolysis, including discography, intervertebral disc, single or multiple levels, lumbar"
62302,"Myelography via lumbar injection, including radiological supervision and interpretation; cervical"
62303,"Myelography via lumbar injection, including radiological supervision and interpretation; thoracic"
62304,"Myelography via lumbar injection, including radiological supervision and interpretation; lumbosacral"
62305,"Myelography via lumbar injection, including radiological supervision and interpretation; 2 or more regions (eg, lumbar/thoracic, cervical/thoracic, lumbar/cervical, lumbar/thoracic/cervical)"
62310,"Injection(s), of diagnostic or therapeutic substance(s) (including anesthetic, antispasmodic, opioid, steroid, other solution), not including neurolytic substances, including needle or catheter placement, includes contrast for localization when performed,"
62311,"Injection(s), of diagnostic or therapeutic substance(s) (including anesthetic, antispasmodic, opioid, steroid, other solution), not including neurolytic substances, including needle or catheter placement, includes contrast for localization when performed,"
62318,"Injection(s), including indwelling catheter placement, continuous infusion or intermittent bolus, of diagnostic or therapeutic substance(s) (including anesthetic, antispasmodic, opioid, steroid, other solution), not including neurolytic substances, includ"
62319,"Injection(s), including indwelling catheter placement, continuous infusion or intermittent bolus, of diagnostic or therapeutic substance(s) (including anesthetic, antispasmodic, opioid, steroid, other solution), not including neurolytic substances, includ"
62320,"Injection(s), of diagnostic or therapeutic substance(s) (eg, anesthetic, antispasmodic, opioid, steroid, other solution), not including neurolytic substances, including needle or catheter placement, interlaminar epidural or subarachnoid, cervical or thora"
62321,"Injection(s), of diagnostic or therapeutic substance(s) (eg, anesthetic, antispasmodic, opioid, steroid, other solution), not including neurolytic substances, including needle or catheter placement, interlaminar epidural or subarachnoid, cervical or thora"
62322,"Injection(s), of diagnostic or therapeutic substance(s) (eg, anesthetic, antispasmodic, opioid, steroid, other solution), not including neurolytic substances, including needle or catheter placement, interlaminar epidural or subarachnoid, lumbar or sacral"
62323,"Injection(s), of diagnostic or therapeutic substance(s) (eg, anesthetic, antispasmodic, opioid, steroid, other solution), not including neurolytic substances, including needle or catheter placement, interlaminar epidural or subarachnoid, lumbar or sacral"
62324,"Injection(s), including indwelling catheter placement, continuous infusion or intermittent bolus, of diagnostic or therapeutic substance(s) (eg, anesthetic, antispasmodic, opioid, steroid, other solution), not including neurolytic substances, interlaminar"
62325,"Injection(s), including indwelling catheter placement, continuous infusion or intermittent bolus, of diagnostic or therapeutic substance(s) (eg, anesthetic, antispasmodic, opioid, steroid, other solution), not including neurolytic substances, interlaminar"
62326,"Injection(s), including indwelling catheter placement, continuous infusion or intermittent bolus, of diagnostic or therapeutic substance(s) (eg, anesthetic, antispasmodic, opioid, steroid, other solution), not including neurolytic substances, interlaminar"
62327,"Injection(s), including indwelling catheter placement, continuous infusion or intermittent bolus, of diagnostic or therapeutic substance(s) (eg, anesthetic, antispasmodic, opioid, steroid, other solution), not including neurolytic substances, interlaminar"
62350,"Implantation, revision or repositioning of tunneled intrathecal or epidural catheter, for long-term medication administration via an external pump or implantable reservoir/infusion pump; without laminectomy"
62351,"Implantation, revision or repositioning of tunneled intrathecal or epidural catheter, for long-term medication administration via an external pump or implantable reservoir/infusion pump; with laminectomy"
62355,Removal of previously implanted intrathecal or epidural catheter
62360,Implantation or replacement of device for intrathecal or epidural drug infusion; subcutaneous reservoir
62361,Implantation or replacement of device for intrathecal or epidural drug infusion; nonprogrammable pump
62362,"Implantation or replacement of device for intrathecal or epidural drug infusion; programmable pump, including preparation of pump, with or without programming"
62365,"Removal of subcutaneous reservoir or pump, previously implanted for intrathecal or epidural infusion"
62367,"Electronic analysis of programmable, implanted pump for intrathecal or epidural drug infusion (includes evaluation of reservoir status, alarm status, drug prescription status); without reprogramming or refill"
62368,"Electronic analysis of programmable, implanted pump for intrathecal or epidural drug infusion (includes evaluation of reservoir status, alarm status, drug prescription status); with reprogramming"
62369,"Electronic analysis of programmable, implanted pump for intrathecal or epidural drug infusion (includes evaluation of reservoir status, alarm status, drug prescription status); with reprogramming and refill"
62370,"Electronic analysis of programmable, implanted pump for intrathecal or epidural drug infusion (includes evaluation of reservoir status, alarm status, drug prescription status); with reprogramming and refill (requiring skill of a physician or other qualifi"
62380,"Endoscopic decompression of spinal cord, nerve root(s), including laminotomy, partial facetectomy, foraminotomy, discectomy and/or excision of herniated intervertebral disc, 1 interspace, lumbar"
63001,"Laminectomy with exploration and/or decompression of spinal cord and/or cauda equina, without facetectomy, foraminotomy or discectomy (eg, spinal stenosis), 1 or 2 vertebral segments; cervical"
63003,"Laminectomy with exploration and/or decompression of spinal cord and/or cauda equina, without facetectomy, foraminotomy or discectomy (eg, spinal stenosis), 1 or 2 vertebral segments; thoracic"
63005,"Laminectomy with exploration and/or decompression of spinal cord and/or cauda equina, without facetectomy, foraminotomy or discectomy (eg, spinal stenosis), 1 or 2 vertebral segments; lumbar, except for spondylolisthesis"
63011,"Laminectomy with exploration and/or decompression of spinal cord and/or cauda equina, without facetectomy, foraminotomy or discectomy (eg, spinal stenosis), 1 or 2 vertebral segments; sacral"
63012,"Laminectomy with removal of abnormal facets and/or pars inter-articularis with decompression of cauda equina and nerve roots for spondylolisthesis, lumbar (Gill type procedure)"
63015,"Laminectomy with exploration and/or decompression of spinal cord and/or cauda equina, without facetectomy, foraminotomy or discectomy (eg, spinal stenosis), more than 2 vertebral segments; cervical"
63016,"Laminectomy with exploration and/or decompression of spinal cord and/or cauda equina, without facetectomy, foraminotomy or discectomy (eg, spinal stenosis), more than 2 vertebral segments; thoracic"
63017,"Laminectomy with exploration and/or decompression of spinal cord and/or cauda equina, without facetectomy, foraminotomy or discectomy (eg, spinal stenosis), more than 2 vertebral segments; lumbar"
63020,"Laminotomy (hemilaminectomy), with decompression of nerve root(s), including partial facetectomy, foraminotomy and/or excision of herniated intervertebral disc; 1 interspace, cervical"
63030,"Laminotomy (hemilaminectomy), with decompression of nerve root(s), including partial facetectomy, foraminotomy and/or excision of herniated intervertebral disc; 1 interspace, lumbar"
63035,"Laminotomy (hemilaminectomy), with decompression of nerve root(s), including partial facetectomy, foraminotomy and/or excision of herniated intervertebral disc; each additional interspace, cervical or lumbar (List separately in addition to code for primar"
63040,"Laminotomy (hemilaminectomy), with decompression of nerve root(s), including partial facetectomy, foraminotomy and/or excision of herniated intervertebral disc, reexploration, single interspace; cervical"
63042,"Laminotomy (hemilaminectomy), with decompression of nerve root(s), including partial facetectomy, foraminotomy and/or excision of herniated intervertebral disc, reexploration, single interspace; lumbar"
63043,"Laminotomy (hemilaminectomy), with decompression of nerve root(s), including partial facetectomy, foraminotomy and/or excision of herniated intervertebral disc, reexploration, single interspace; each additional cervical interspace (List separately in addi"
63044,"Laminotomy (hemilaminectomy), with decompression of nerve root(s), including partial facetectomy, foraminotomy and/or excision of herniated intervertebral disc, reexploration, single interspace; each additional lumbar interspace (List separately in additi"
63045,"Laminectomy, facetectomy and foraminotomy (unilateral or bilateral with decompression of spinal cord, cauda equina and/or nerve root[s], [eg, spinal or lateral recess stenosis]), single vertebral segment; cervical"
63046,"Laminectomy, facetectomy and foraminotomy (unilateral or bilateral with decompression of spinal cord, cauda equina and/or nerve root[s], [eg, spinal or lateral recess stenosis]), single vertebral segment; thoracic"
63047,"Laminectomy, facetectomy and foraminotomy (unilateral or bilateral with decompression of spinal cord, cauda equina and/or nerve root[s], [eg, spinal or lateral recess stenosis]), single vertebral segment; lumbar"
63048,"Laminectomy, facetectomy and foraminotomy (unilateral or bilateral with decompression of spinal cord, cauda equina and/or nerve root[s], [eg, spinal or lateral recess stenosis]), single vertebral segment; each additional segment, cervical, thoracic, or lu"
63050,"Laminoplasty, cervical, with decompression of the spinal cord, 2 or more vertebral segments"
63051,"Laminoplasty, cervical, with decompression of the spinal cord, 2 or more vertebral segments; with reconstruction of the posterior bony elements (including the application of bridging bone graft and non-segmental fixation devices [eg, wire, suture, mini-pl"
63055,"Transpedicular approach with decompression of spinal cord, equina and/or nerve root(s) (eg, herniated intervertebral disc), single segment; thoracic"
63056,"Transpedicular approach with decompression of spinal cord, equina and/or nerve root(s) (eg, herniated intervertebral disc), single segment; lumbar (including transfacet, or lateral extraforaminal approach) (eg, far lateral herniated intervertebral disc)"
63057,"Transpedicular approach with decompression of spinal cord, equina and/or nerve root(s) (eg, herniated intervertebral disc), single segment; each additional segment, thoracic or lumbar (List separately in addition to code for primary procedure)"
63064,"Costovertebral approach with decompression of spinal cord or nerve root(s) (eg, herniated intervertebral disc), thoracic; single segment"
63066,"Costovertebral approach with decompression of spinal cord or nerve root(s) (eg, herniated intervertebral disc), thoracic; each additional segment (List separately in addition to code for primary procedure)"
63075,"Discectomy, anterior, with decompression of spinal cord and/or nerve root(s), including osteophytectomy; cervical, single interspace"
63076,"Discectomy, anterior, with decompression of spinal cord and/or nerve root(s), including osteophytectomy; cervical, each additional interspace (List separately in addition to code for primary procedure)"
63077,"Discectomy, anterior, with decompression of spinal cord and/or nerve root(s), including osteophytectomy; thoracic, single interspace"
63078,"Discectomy, anterior, with decompression of spinal cord and/or nerve root(s), including osteophytectomy; thoracic, each additional interspace (List separately in addition to code for primary procedure)"
63081,"Vertebral corpectomy (vertebral body resection), partial or complete, anterior approach with decompression of spinal cord and/or nerve root(s); cervical, single segment"
63082,"Vertebral corpectomy (vertebral body resection), partial or complete, anterior approach with decompression of spinal cord and/or nerve root(s); cervical, each additional segment (List separately in addition to code for primary procedure)"
63085,"Vertebral corpectomy (vertebral body resection), partial or complete, transthoracic approach with decompression of spinal cord and/or nerve root(s); thoracic, single segment"
63086,"Vertebral corpectomy (vertebral body resection), partial or complete, transthoracic approach with decompression of spinal cord and/or nerve root(s); thoracic, each additional segment (List separately in addition to code for primary procedure)"
63087,"Vertebral corpectomy (vertebral body resection), partial or complete, combined thoracolumbar approach with decompression of spinal cord, cauda equina or nerve root(s), lower thoracic or lumbar; single segment"
63088,"Vertebral corpectomy (vertebral body resection), partial or complete, combined thoracolumbar approach with decompression of spinal cord, cauda equina or nerve root(s), lower thoracic or lumbar; each additional segment (List separately in addition to code"
63090,"Vertebral corpectomy (vertebral body resection), partial or complete, transperitoneal or retroperitoneal approach with decompression of spinal cord, cauda equina or nerve root(s), lower thoracic, lumbar, or sacral; single segment"
63091,"Vertebral corpectomy (vertebral body resection), partial or complete, transperitoneal or retroperitoneal approach with decompression of spinal cord, cauda equina or nerve root(s), lower thoracic, lumbar, or sacral; each additional segment (List separately"
63101,"Vertebral corpectomy (vertebral body resection), partial or complete, lateral extracavitary approach with decompression of spinal cord and/or nerve root(s) (eg, for tumor or retropulsed bone fragments); thoracic, single segment"
63102,"Vertebral corpectomy (vertebral body resection), partial or complete, lateral extracavitary approach with decompression of spinal cord and/or nerve root(s) (eg, for tumor or retropulsed bone fragments); lumbar, single segment"
63103,"Vertebral corpectomy (vertebral body resection), partial or complete, lateral extracavitary approach with decompression of spinal cord and/or nerve root(s) (eg, for tumor or retropulsed bone fragments); thoracic or lumbar, each additional segment (List se"
63170,"Laminectomy with myelotomy (eg, Bischof or DREZ type), cervical, thoracic, or thoracolumbar"
63172,Laminectomy with drainage of intramedullary cyst/syrinx; to subarachnoid space
63173,Laminectomy with drainage of intramedullary cyst/syrinx; to peritoneal or pleural space
63185,Laminectomy with rhizotomy; 1 or 2 segments
63190,Laminectomy with rhizotomy; more than 2 segments
63191,Laminectomy with section of spinal accessory nerve
63194,"Laminectomy with cordotomy, with section of 1 spinothalamic tract, 1 stage; cervical"
63195,"Laminectomy with cordotomy, with section of 1 spinothalamic tract, 1 stage; thoracic"
63197,"Laminectomy with cordotomy, with section of both spinothalamic tracts, 1 stage; thoracic"
63200,"Laminectomy, with release of tethered spinal cord, lumbar"
63250,Laminectomy for excision or occlusion of arteriovenous malformation of spinal cord; cervical
63251,Laminectomy for excision or occlusion of arteriovenous malformation of spinal cord; thoracic
63252,Laminectomy for excision or occlusion of arteriovenous malformation of spinal cord; thoracolumbar
63265,"Laminectomy for excision or evacuation of intraspinal lesion other than neoplasm, extradural; cervical"
63266,"Laminectomy for excision or evacuation of intraspinal lesion other than neoplasm, extradural; thoracic"
63267,"Laminectomy for excision or evacuation of intraspinal lesion other than neoplasm, extradural; lumbar"
63268,"Laminectomy for excision or evacuation of intraspinal lesion other than neoplasm, extradural; sacral"
63270,"Laminectomy for excision of intraspinal lesion other than neoplasm, intradural; cervical"
63271,"Laminectomy for excision of intraspinal lesion other than neoplasm, intradural; thoracic"
63272,"Laminectomy for excision of intraspinal lesion other than neoplasm, intradural; lumbar"
63273,"Laminectomy for excision of intraspinal lesion other than neoplasm, intradural; sacral"
63275,"Laminectomy for biopsy/excision of intraspinal neoplasm; extradural, cervical"
63276,"Laminectomy for biopsy/excision of intraspinal neoplasm; extradural, thoracic"
63277,"Laminectomy for biopsy/excision of intraspinal neoplasm; extradural, lumbar"
63278,"Laminectomy for biopsy/excision of intraspinal neoplasm; extradural, sacral"
63280,"Laminectomy for biopsy/excision of intraspinal neoplasm; intradural, extramedullary, cervical"
63281,"Laminectomy for biopsy/excision of intraspinal neoplasm; intradural, extramedullary, thoracic"
63282,"Laminectomy for biopsy/excision of intraspinal neoplasm; intradural, extramedullary, lumbar"
63283,"Laminectomy for biopsy/excision of intraspinal neoplasm; intradural, sacral"
63285,"Laminectomy for biopsy/excision of intraspinal neoplasm; intradural, intramedullary, cervical"
63286,"Laminectomy for biopsy/excision of intraspinal neoplasm; intradural, intramedullary, thoracic"
63287,"Laminectomy for biopsy/excision of intraspinal neoplasm; intradural, intramedullary, thoracolumbar"
63290,"Laminectomy for biopsy/excision of intraspinal neoplasm; combined extradural-intradural lesion, any level"
63295,"Osteoplastic reconstruction of dorsal spinal elements, following primary intraspinal procedure (List separately in addition to code for primary procedure)"
63300,"Vertebral corpectomy (vertebral body resection), partial or complete, for excision of intraspinal lesion, single segment; extradural, cervical"
63301,"Vertebral corpectomy (vertebral body resection), partial or complete, for excision of intraspinal lesion, single segment; extradural, thoracic by transthoracic approach"
63302,"Vertebral corpectomy (vertebral body resection), partial or complete, for excision of intraspinal lesion, single segment; extradural, thoracic by thoracolumbar approach"
63303,"Vertebral corpectomy (vertebral body resection), partial or complete, for excision of intraspinal lesion, single segment; extradural, lumbar or sacral by transperitoneal or retroperitoneal approach"
63304,"Vertebral corpectomy (vertebral body resection), partial or complete, for excision of intraspinal lesion, single segment; intradural, cervical"
63305,"Vertebral corpectomy (vertebral body resection), partial or complete, for excision of intraspinal lesion, single segment; intradural, thoracic by transthoracic approach"
63307,"Vertebral corpectomy (vertebral body resection), partial or complete, for excision of intraspinal lesion, single segment; intradural, lumbar or sacral by transperitoneal or retroperitoneal approach"
63308,"Vertebral corpectomy (vertebral body resection), partial or complete, for excision of intraspinal lesion, single segment; each additional segment (List separately in addition to codes for single segment)"
63600,"Creation of lesion of spinal cord by stereotactic method, percutaneous, any modality (including stimulation and/or recording)"
63610,"Stereotactic stimulation of spinal cord, percutaneous, separate procedure not followed by other surgery"
63620,"Stereotactic radiosurgery (particle beam, gamma ray, or linear accelerator); 1 spinal lesion"
63650,"Percutaneous implantation of neurostimulator electrode array, epidural"
63655,"Laminectomy for implantation of neurostimulator electrodes, plate/paddle, epidural"
63660,Revision or removal of spinal neurostimulator electrode percutaneous array(s) or plate/paddle(s)
63661,"Removal of spinal neurostimulator electrode percutaneous array(s), including fluoroscopy, when performed"
63662,"Removal of spinal neurostimulator electrode plate/paddle(s) placed via laminotomy or laminectomy, including fluoroscopy, when performed"
63663,"Revision including replacement, when performed, of spinal neurostimulator electrode percutaneous array(s), including fluoroscopy, when performed"
63664,"Revision including replacement, when performed, of spinal neurostimulator electrode plate/paddle(s) placed via laminotomy or laminectomy, including fluoroscopy, when performed"
63685,"Insertion or replacement of spinal neurostimulator pulse generator or receiver, direct or inductive coupling"
63688,Revision or removal of implanted spinal neurostimulator pulse generator or receiver
63690,"Electronic analysis of implanted neurostimulator pulse generator system (may include rate, pulse amplitude and duration, configuration of wave form, battery status, electrode selectability, output modulation, cycling, impedance and patient compliance mea"
63691,"Electronic analysis of implanted neurostimulator pulse generator system (may include rate, pulse amplitude and duration, configuration of wave form, battery status, electrode selectability, output modulation, cycling, impedance and patient compliance mea"
63700,Repair of meningocele; less than 5 cm diameter
63702,Repair of meningocele; larger than 5 cm diameter
63704,Repair of myelomeningocele; less than 5 cm diameter
63706,Repair of myelomeningocele; larger than 5 cm diameter
63707,"Repair of dural/cerebrospinal fluid leak, not requiring laminectomy"
63709,"Repair of dural/cerebrospinal fluid leak or pseudomeningocele, with laminectomy"
63710,"Dural graft, spinal"
63740,"Creation of shunt, lumbar, subarachnoid-peritoneal, -pleural, or other; including laminectomy"
63741,"Creation of shunt, lumbar, subarachnoid-peritoneal, -pleural, or other; percutaneous, not requiring laminectomy"
63744,"Replacement, irrigation or revision of lumbosubarachnoid shunt"
63746,Removal of entire lumbosubarachnoid shunt system without replacement
64435,"Injection, anesthetic agent; paracervical (uterine) nerve"
64440,"Injection, anesthetic agent; paravertebral nerve (thoracic, lumbar, sacral, coccygeal), single vertebral level."
64441,"Injection, anesthetic agent; paravertebral nerves, multiple levels (eg, regional block)."
64443,"Injection, anesthetic agent; paravertebral facet joint nerve, lumbar, each additional level."
64449,"Injection, anesthetic agent; lumbar plexus, posterior approach, continuous infusion by catheter (including catheter placement)"
64461,"Paravertebral block (PVB) (paraspinous block), thoracic; single injection site (includes imaging guidance, when performed)"
64462,"Paravertebral block (PVB) (paraspinous block), thoracic; second and any additional injection site(s) (includes imaging guidance, when performed) (List separately in addition to code for primary procedure)"
64463,"Paravertebral block (PVB) (paraspinous block), thoracic; continuous infusion by catheter (includes imaging guidance, when performed)"
64470,"Injection, anesthetic agent and/or steroid, paravertebral facet joint or facet joint nerve; cervical or thoracic, single level"
64472,"Injection, anesthetic agent and/or steroid, paravertebral facet joint or facet joint nerve; cervical or thoracic, each additional level (List separately in addition to code for primary procedure)"
64475,"Injection, anesthetic agent and/or steroid, paravertebral facet joint or facet joint nerve; lumbar or sacral, single level"
64476,"Injection, anesthetic agent and/or steroid, paravertebral facet joint or facet joint nerve; lumbar or sacral, each additional level (List separately in addition to code for primary procedure)"
64479,"Injection(s), anesthetic agent and/or steroid, transforaminal epidural, with imaging guidance (fluoroscopy or CT); cervical or thoracic, single level"
64480,"Injection(s), anesthetic agent and/or steroid, transforaminal epidural, with imaging guidance (fluoroscopy or CT); cervical or thoracic, each additional level (List separately in addition to code for primary procedure)"
64483,"Injection(s), anesthetic agent and/or steroid, transforaminal epidural, with imaging guidance (fluoroscopy or CT); lumbar or sacral, single level"
64484,"Injection(s), anesthetic agent and/or steroid, transforaminal epidural, with imaging guidance (fluoroscopy or CT); lumbar or sacral, each additional level (List separately in addition to code for primary procedure)"
64490,"Injection(s), diagnostic or therapeutic agent, paravertebral facet (zygapophyseal) joint (or nerves innervating that joint) with image guidance (fluoroscopy or CT), cervical or thoracic; single level"
64491,"Injection(s), diagnostic or therapeutic agent, paravertebral facet (zygapophyseal) joint (or nerves innervating that joint) with image guidance (fluoroscopy or CT), cervical or thoracic; second level (List separately in addition to code for primary proced"
64492,"Injection(s), diagnostic or therapeutic agent, paravertebral facet (zygapophyseal) joint (or nerves innervating that joint) with image guidance (fluoroscopy or CT), cervical or thoracic; third and any additional level(s) (List separately in addition to co"
64493,"Injection(s), diagnostic or therapeutic agent, paravertebral facet (zygapophyseal) joint (or nerves innervating that joint) with image guidance (fluoroscopy or CT), lumbar or sacral; single level"
64494,"Injection(s), diagnostic or therapeutic agent, paravertebral facet (zygapophyseal) joint (or nerves innervating that joint) with image guidance (fluoroscopy or CT), lumbar or sacral; second level (List separately in addition to code for primary procedure)"
64495,"Injection(s), diagnostic or therapeutic agent, paravertebral facet (zygapophyseal) joint (or nerves innervating that joint) with image guidance (fluoroscopy or CT), lumbar or sacral; third and any additional level(s) (List separately in addition to code f"
64510,"Injection, anesthetic agent; stellate ganglion (cervical sympathetic)"
64520,"Injection, anesthetic agent; lumbar or thoracic (paravertebral sympathetic)"
64550,"Application of surface (transcutaneous) neurostimulator (eg, TENS unit)"
64553,Percutaneous implantation of neurostimulator electrode array; cranial nerve
64555,Percutaneous implantation of neurostimulator electrode array; peripheral nerve (excludes sacral nerve)
64561,"Percutaneous implantation of neurostimulator electrode array; sacral nerve (transforaminal placement) including image guidance, if performed"
64565,Percutaneous implantation of neurostimulator electrode array; neuromuscular
64568,"Incision for implantation of cranial nerve (eg, vagus nerve) neurostimulator electrode array and pulse generator"
64569,"Revision or replacement of cranial nerve (eg, vagus nerve) neurostimulator electrode array, including connection to existing pulse generator"
64570,"Removal of cranial nerve (eg, vagus nerve) neurostimulator electrode array and pulse generator"
64573,Incision for implantation of neurostimulator electrodes; cranial nerve
64575,Incision for implantation of neurostimulator electrode array; peripheral nerve (excludes sacral nerve)
64577,Incision for implantation of neurostimulator electrodes; autonomic nerve
64580,Incision for implantation of neurostimulator electrode array; neuromuscular
64581,Incision for implantation of neurostimulator electrode array; sacral nerve (transforaminal placement)
64585,Revision or removal of peripheral neurostimulator electrode array
64615,"Chemodenervation of muscle(s); muscle(s) innervated by facial, trigeminal, cervical spinal and accessory nerves, bilateral (eg, for chronic migraine)"
64616,"Chemodenervation of muscle(s); neck muscle(s), excluding muscles of the larynx, unilateral (eg, for cervical dystonia, spasmodic torticollis)"
64622,"Destruction by neurolytic agent, paravertebral facet joint nerve; lumbar or sacral, single level"
64623,"Destruction by neurolytic agent, paravertebral facet joint nerve; lumbar or sacral, each additional level (List separately in addition to code for primary procedure)"
64626,"Destruction by neurolytic agent, paravertebral facet joint nerve; cervical or thoracic, single level"
64627,"Destruction by neurolytic agent, paravertebral facet joint nerve; cervical or thoracic, each additional level (List separately in addition to code for primary procedure)"
64633,"Destruction by neurolytic agent, paravertebral facet joint nerve(s), with imaging guidance (fluoroscopy or CT); cervical or thoracic, single facet joint"
64634,"Destruction by neurolytic agent, paravertebral facet joint nerve(s), with imaging guidance (fluoroscopy or CT); cervical or thoracic, each additional facet joint (List separately in addition to code for primary procedure)"
64635,"Destruction by neurolytic agent, paravertebral facet joint nerve(s), with imaging guidance (fluoroscopy or CT); lumbar or sacral, single facet joint"
64636,"Destruction by neurolytic agent, paravertebral facet joint nerve(s), with imaging guidance (fluoroscopy or CT); lumbar or sacral, each additional facet joint (List separately in addition to code for primary procedure)"
64714,"Neuroplasty, major peripheral nerve, arm or leg, open; lumbar plexus"
64716,Neuroplasty and/or transposition; cranial nerve (specify)
64752,"Transection or avulsion of; vagus nerve (vagotomy), transthoracic"
64755,"Transection or avulsion of; vagus nerves limited to proximal stomach (selective proximal vagotomy, proximal gastric vagotomy, parietal cell vagotomy, supra- or highly selective vagotomy)"
64760,"Transection or avulsion of; vagus nerve (vagotomy), abdominal"
64771,"Transection or avulsion of other cranial nerve, extradural"
64772,"Transection or avulsion of other spinal nerve, extradural"
64802,"Sympathectomy, cervical"
64804,"Sympathectomy, cervicothoracic"
64809,"Sympathectomy, thoracolumbar"
64818,"Sympathectomy, lumbar"
69990,"Microsurgical techniques, requiring use of operating microscope (List separately in addition to code for primary procedure)"
